{"mean_hr": 73.66631626679654, "rmssd": 52.221483446311, "sdnn": 37.83333116110135, "spo2": 97.7726978123696, "perfusion_index_x10": 5, "respiration_rate": 29.464285714285708, "peaks": [15, 173, 346, 771, 927, 1714, 2170, 2328, 2486, 2647, 2951, 3108, 3271, 3444, 3611, 3770, 3928, 4109, 4406]}