{"mean_hr": 61.20157610388203, "rmssd": 207.26392192886183, "sdnn": 146.33010626661897, "spo2": 96.14149173777705, "perfusion_index_x10": 0, "respiration_rate": 26.141078838174273, "peaks": [37, 284, 468, 637, 837]}